latitude,longitude,brightness,scan,track,acq_date,acq_time,satellite,instrument,confidence,version,bright_t31,frp,daynight,type
36.24333,27.96268,323.51,0.61,0.54,2023-07-23,0038,N20,VIIRS,n,2,300.39,37.9,N,0
36.24174,27.9691,348.61,0.61,0.54,2023-07-23,0038,N20,VIIRS,n,2,314.33,37.9,N,0
36.24016,27.97551,338.67,0.61,0.54,2023-07-23,0038,N20,VIIRS,n,2,320.66,45.33,N,0
36.23856,27.98199,316.07,0.61,0.54,2023-07-23,0038,N20,VIIRS,n,2,300.77,45.33,N,0
36.23537,27.97394,313.98,0.61,0.54,2023-07-23,0038,N20,VIIRS,n,2,300.77,45.33,N,0
36.22732,27.98549,355.83,0.62,0.54,2023-07-23,0038,N20,VIIRS,n,2,304.76,14.5,N,0
36.2258,27.97072,327.52,0.61,0.54,2023-07-23,0038,N20,VIIRS,n,2,305.13,6.39,N,0
36.22413,27.97742,333.82,0.61,0.54,2023-07-23,0038,N20,VIIRS,n,2,302.27,6.39,N,0
36.2225,27.98397,340.15,0.62,0.54,2023-07-23,0038,N20,VIIRS,n,2,302.5,14.5,N,0
36.2209,27.99041,337.8,0.62,0.54,2023-07-23,0038,N20,VIIRS,n,2,303.42,14.5,N,0
36.22106,27.9689,341.49,0.61,0.54,2023-07-23,0038,N20,VIIRS,n,2,305.95,12.98,N,0
36.21936,27.97577,323.43,0.61,0.54,2023-07-23,0038,N20,VIIRS,n,2,303.6,12.98,N,0
36.21772,27.98236,326.01,0.62,0.54,2023-07-23,0038,N20,VIIRS,n,2,302.59,9.02,N,0
36.21617,27.98858,348.41,0.62,0.54,2023-07-23,0038,N20,VIIRS,n,2,304.12,9.02,N,0
36.21626,27.96738,340.04,0.61,0.54,2023-07-23,0038,N20,VIIRS,n,2,306.52,12.98,N,0
36.21456,27.97419,367,0.61,0.54,2023-07-23,0038,N20,VIIRS,h,2,307.73,12.98,N,0
36.21294,27.9807,333.91,0.62,0.54,2023-07-23,0038,N20,VIIRS,n,2,304.97,9.02,N,0
36.21138,27.98694,341.86,0.62,0.54,2023-07-23,0038,N20,VIIRS,n,2,303.2,9.02,N,0
36.20977,27.97261,349.54,0.61,0.54,2023-07-23,0038,N20,VIIRS,n,2,306.12,10.45,N,0
36.20814,27.97912,339.15,0.62,0.54,2023-07-23,0038,N20,VIIRS,n,2,306.32,8.3,N,0
36.20655,27.98548,322.86,0.62,0.54,2023-07-23,0038,N20,VIIRS,n,2,301.31,8.3,N,0
36.205,27.99169,338.47,0.62,0.54,2023-07-23,0038,N20,VIIRS,n,2,302.96,7.21,N,0
36.21145,27.96584,313.18,0.61,0.54,2023-07-23,0038,N20,VIIRS,n,2,301.93,10.45,N,0
36.20336,27.9775,343.13,0.62,0.54,2023-07-23,0038,N20,VIIRS,n,2,305.73,8.3,N,0
36.20176,27.9839,346.78,0.62,0.54,2023-07-23,0038,N20,VIIRS,n,2,305.73,8.3,N,0
36.20021,27.99006,341.24,0.62,0.54,2023-07-23,0038,N20,VIIRS,n,2,302.78,7.21,N,0
36.19873,27.99603,319.9,0.62,0.54,2023-07-23,0038,N20,VIIRS,n,2,301.73,7.21,N,0
36.22975,27.98526,340.34,0.62,0.54,2023-07-23,0038,N20,VIIRS,n,2,302.5,11.62,N,0
36.22494,27.98373,339.21,0.62,0.54,2023-07-23,0038,N20,VIIRS,n,2,302.75,11.62,N,0
36.22337,27.99023,336.72,0.62,0.54,2023-07-23,0038,N20,VIIRS,n,2,304.39,17.93,N,0
36.22813,27.97054,317.48,0.61,0.54,2023-07-23,0038,N20,VIIRS,n,2,302.53,3.12,N,0
36.2234,27.9687,334.68,0.61,0.54,2023-07-23,0038,N20,VIIRS,n,2,305.42,7.04,N,0
36.22176,27.97549,335.1,0.62,0.54,2023-07-23,0038,N20,VIIRS,n,2,303.97,7.66,N,0
36.22014,27.98219,325.31,0.62,0.54,2023-07-23,0038,N20,VIIRS,n,2,301.89,7.66,N,0
36.21861,27.98852,342.71,0.62,0.54,2023-07-23,0038,N20,VIIRS,n,2,304.11,14.13,N,0
36.21864,27.96698,338.9,0.61,0.54,2023-07-23,0038,N20,VIIRS,n,2,303.28,7.04,N,0
36.21697,27.97387,351.83,0.62,0.54,2023-07-23,0038,N20,VIIRS,n,2,307.54,7.66,N,0
36.21536,27.98052,330.27,0.62,0.54,2023-07-23,0038,N20,VIIRS,n,2,304.07,7.66,N,0
36.21384,27.98678,339.53,0.62,0.54,2023-07-23,0038,N20,VIIRS,n,2,302.39,14.13,N,0
36.21382,27.96553,326.42,0.61,0.54,2023-07-23,0038,N20,VIIRS,n,2,301.59,7.86,N,0
36.21217,27.97234,348.47,0.62,0.54,2023-07-23,0038,N20,VIIRS,n,2,308.97,14.5,N,0
36.21058,27.97889,340.23,0.62,0.54,2023-07-23,0038,N20,VIIRS,n,2,308.38,14.5,N,0
36.20753,27.99143,339.74,0.62,0.54,2023-07-23,0038,N20,VIIRS,n,2,303.81,9.64,N,0
36.2058,27.97727,349.56,0.62,0.54,2023-07-23,0038,N20,VIIRS,n,2,306.65,14.5,N,0
36.20271,27.98997,328.95,0.62,0.54,2023-07-23,0038,N20,VIIRS,n,2,301.87,9.64,N,0
36.19945,27.98203,343.77,0.62,0.54,2023-07-23,0038,N20,VIIRS,n,2,306.75,9.21,N,0
36.19794,27.98824,325.38,0.62,0.54,2023-07-23,0038,N20,VIIRS,n,2,303.78,9.21,N,0
36.19648,27.99424,340.18,0.62,0.54,2023-07-23,0038,N20,VIIRS,n,2,304.93,12.69,N,0
36.20768,27.94817,314.7,0.61,0.54,2023-07-23,0038,N20,VIIRS,n,2,300.52,2.6,N,0
36.20102,27.97557,317.08,0.62,0.54,2023-07-23,0038,N20,VIIRS,n,2,303.56,3.4,N,0
36.1979,27.96714,324.86,0.62,0.54,2023-07-23,0038,N20,VIIRS,n,2,303.04,3.4,N,0
36.19467,27.98038,348.23,0.62,0.54,2023-07-23,0038,N20,VIIRS,n,2,306.65,9.21,N,0
36.19316,27.98656,336.61,0.62,0.54,2023-07-23,0038,N20,VIIRS,n,2,307.17,9.21,N,0
36.19169,27.99258,355.26,0.62,0.54,2023-07-23,0038,N20,VIIRS,n,2,307.25,12.69,N,0
36.18991,27.97864,323.49,0.62,0.54,2023-07-23,0038,N20,VIIRS,n,2,303.26,13.11,N,0
36.18839,27.98489,354.81,0.62,0.54,2023-07-23,0038,N20,VIIRS,n,2,315.82,13.11,N,0
36.18689,27.99102,340.5,0.62,0.54,2023-07-23,0038,N20,VIIRS,n,2,306.25,8.8,N,0
36.19151,27.9721,312.74,0.62,0.54,2023-07-23,0038,N20,VIIRS,n,2,301.91,2.74,N,0
36.18356,27.98341,335.68,0.62,0.54,2023-07-23,0038,N20,VIIRS,n,2,303.74,13.11,N,0
36.18202,27.98973,320.94,0.62,0.54,2023-07-23,0038,N20,VIIRS,n,2,303.22,8.8,N,0
36.17558,27.97361,310.84,0.62,0.54,2023-07-23,0038,N20,VIIRS,n,2,300.83,1.12,N,0
36.16811,27.94066,339.45,0.61,0.54,2023-07-23,0038,N20,VIIRS,n,2,302.76,7.08,N,0
36.16348,27.93846,339.79,0.61,0.54,2023-07-23,0038,N20,VIIRS,n,2,303.44,7.08,N,0
36.16518,27.93154,315.03,0.61,0.54,2023-07-23,0038,N20,VIIRS,n,2,300.79,7.46,N,0
36.15882,27.93633,327.82,0.61,0.54,2023-07-23,0038,N20,VIIRS,n,2,302.49,5.64,N,0
36.14761,27.93978,334.59,0.61,0.54,2023-07-23,0038,N20,VIIRS,n,2,302.43,4.13,N,0
36.14599,27.94633,326.74,0.62,0.54,2023-07-23,0038,N20,VIIRS,n,2,304.95,5.09,N,0
36.14119,27.94478,333.21,0.62,0.54,2023-07-23,0038,N20,VIIRS,n,2,304.05,5.09,N,0
36.14282,27.9382,311.8,0.61,0.54,2023-07-23,0038,N20,VIIRS,n,2,300.86,4.13,N,0
36.13642,27.94309,339.62,0.62,0.54,2023-07-23,0038,N20,VIIRS,n,2,302.39,11.38,N,0
36.1348,27.94967,320.95,0.62,0.54,2023-07-23,0038,N20,VIIRS,n,2,303.01,11.38,N,0
36.13174,27.9411,337.12,0.62,0.54,2023-07-23,0038,N20,VIIRS,n,2,300.74,11.38,N,0
36.13013,27.94757,338.17,0.62,0.54,2023-07-23,0038,N20,VIIRS,n,2,310.83,11.38,N,0
36.12545,27.94549,348.9,0.62,0.54,2023-07-23,0038,N20,VIIRS,n,2,305.14,33.58,N,0
36.12391,27.95172,314.8,0.62,0.54,2023-07-23,0038,N20,VIIRS,n,2,301.24,8.07,N,0
36.12075,27.94353,351.72,0.62,0.54,2023-07-23,0038,N20,VIIRS,n,2,311.51,33.58,N,0
36.11919,27.94982,336.08,0.62,0.54,2023-07-23,0038,N20,VIIRS,n,2,305.06,8.07,N,0
36.11595,27.94199,341.98,0.62,0.54,2023-07-23,0038,N20,VIIRS,n,2,307.84,65.28,N,0
36.11439,27.94824,325.44,0.62,0.54,2023-07-23,0038,N20,VIIRS,n,2,323.3,107.83,N,0
36.11109,27.94067,335.28,0.62,0.54,2023-07-23,0038,N20,VIIRS,n,2,301.95,65.28,N,0
36.10955,27.94682,367,0.62,0.54,2023-07-23,0038,N20,VIIRS,h,2,337.96,107.83,N,0
36.10793,27.95334,320.93,0.62,0.54,2023-07-23,0038,N20,VIIRS,n,2,302.54,107.83,N,0
36.10468,27.94555,354.9,0.62,0.54,2023-07-23,0038,N20,VIIRS,n,2,311.04,28.61,N,0
36.10623,27.9393,312.98,0.62,0.54,2023-07-23,0038,N20,VIIRS,n,2,301.67,13.49,N,0
36.10308,27.95194,317.75,0.62,0.54,2023-07-23,0038,N20,VIIRS,n,2,302.49,28.61,N,0
36.09979,27.9443,351.83,0.62,0.54,2023-07-23,0038,N20,VIIRS,n,2,315.88,28.61,N,0
36.09823,27.95057,324.43,0.62,0.54,2023-07-23,0038,N20,VIIRS,n,2,304.71,28.61,N,0
36.10141,27.93784,312.29,0.62,0.54,2023-07-23,0038,N20,VIIRS,n,2,301.64,13.49,N,0
36.12908,27.94167,336.07,0.62,0.54,2023-07-23,0038,N20,VIIRS,n,2,300.31,16.68,N,0
36.12754,27.94807,338.2,0.62,0.54,2023-07-23,0038,N20,VIIRS,n,2,306.89,18.96,N,0
36.12286,27.94598,354.19,0.62,0.54,2023-07-23,0038,N20,VIIRS,n,2,310.46,18.96,N,0
36.12135,27.95223,317.59,0.62,0.54,2023-07-23,0038,N20,VIIRS,n,2,302.09,18.96,N,0
36.11811,27.94421,340.57,0.62,0.54,2023-07-23,0038,N20,VIIRS,n,2,317.98,78.37,N,0
36.11657,27.95059,339.03,0.62,0.54,2023-07-23,0038,N20,VIIRS,n,2,306.3,78.37,N,0
36.11328,27.94277,341.26,0.62,0.54,2023-07-23,0038,N20,VIIRS,n,2,313.51,78.37,N,0
36.11175,27.94907,334.72,0.62,0.54,2023-07-23,0038,N20,VIIRS,n,2,326.8,78.37,N,0
36.10843,27.94144,329.36,0.62,0.54,2023-07-23,0038,N20,VIIRS,n,2,302.37,77.26,N,0
36.1069,27.94771,367,0.62,0.54,2023-07-23,0038,N20,VIIRS,h,2,332.14,77.26,N,0
36.10533,27.9542,315.53,0.62,0.54,2023-07-23,0038,N20,VIIRS,n,2,301.74,7.02,N,0
36.10357,27.94006,339.67,0.62,0.54,2023-07-23,0038,N20,VIIRS,n,2,301.76,77.26,N,0
36.10203,27.94643,327.47,0.62,0.54,2023-07-23,0038,N20,VIIRS,n,2,320.19,77.26,N,0
36.1005,27.95275,314.65,0.62,0.54,2023-07-23,0038,N20,VIIRS,n,2,302.62,7.02,N,0
36.09715,27.94516,350.45,0.62,0.54,2023-07-23,0038,N20,VIIRS,n,2,315.32,52.28,N,0
36.09564,27.95139,334.16,0.62,0.54,2023-07-23,0038,N20,VIIRS,n,2,306.26,43.09,N,0
36.09235,27.94361,340.58,0.62,0.54,2023-07-23,0038,N20,VIIRS,n,2,303.17,52.28,N,0
36.09077,27.95009,367,0.62,0.54,2023-07-23,0038,N20,VIIRS,h,2,320.31,43.09,N,0
36.08596,27.94854,348.46,0.62,0.54,2023-07-23,0038,N20,VIIRS,n,2,311.55,31.36,N,0
36.08437,27.95508,329.78,0.62,0.54,2023-07-23,0038,N20,VIIRS,n,2,305.62,31.36,N,0
36.08755,27.942,315.6,0.62,0.54,2023-07-23,0038,N20,VIIRS,n,2,302.43,15.49,N,0
36.08119,27.94682,338.9,0.62,0.54,2023-07-23,0038,N20,VIIRS,n,2,316.07,31.36,N,0
36.07962,27.95323,331.85,0.62,0.54,2023-07-23,0038,N20,VIIRS,n,2,305.55,31.36,N,0
36.07643,27.94508,342.3,0.62,0.54,2023-07-23,0038,N20,VIIRS,n,2,310.53,43.05,N,0
36.0748,27.95173,334.78,0.62,0.54,2023-07-23,0038,N20,VIIRS,n,2,311.59,43.05,N,0
36.07312,27.9586,314.88,0.62,0.54,2023-07-23,0038,N20,VIIRS,n,2,303.83,3.28,N,0
36.07169,27.9432,341.47,0.62,0.54,2023-07-23,0038,N20,VIIRS,n,2,305.14,43.05,N,0
36.06999,27.95019,332.43,0.62,0.54,2023-07-23,0038,N20,VIIRS,n,2,315.06,43.05,N,0
36.0683,27.95708,331.38,0.62,0.54,2023-07-23,0038,N20,VIIRS,n,2,306.23,3.28,N,0
36.06663,27.96389,315.85,0.62,0.54,2023-07-23,0038,N20,VIIRS,n,2,304.69,3.28,N,0
36.06693,27.94147,342.65,0.62,0.54,2023-07-23,0038,N20,VIIRS,n,2,303.81,179.23,N,0
36.06351,27.95541,337.76,0.62,0.54,2023-07-23,0038,N20,VIIRS,n,2,306.48,15.3,N,0
36.06183,27.96231,314.43,0.62,0.54,2023-07-23,0038,N20,VIIRS,n,2,304.15,15.3,N,0
36.06042,27.94686,347.33,0.62,0.54,2023-07-23,0038,N20,VIIRS,n,2,311.47,179.23,N,0
36.0587,27.95388,338.35,0.62,0.54,2023-07-23,0038,N20,VIIRS,n,2,308.75,15.3,N,0
36.06209,27.94005,313.18,0.62,0.54,2023-07-23,0038,N20,VIIRS,n,2,303.09,179.23,N,0
36.05702,27.96069,318.36,0.62,0.54,2023-07-23,0038,N20,VIIRS,n,2,305.48,15.3,N,0
36.05556,27.94551,342.27,0.62,0.54,2023-07-23,0038,N20,VIIRS,n,2,308.32,43.22,N,0
36.05387,27.9524,336.15,0.62,0.54,2023-07-23,0038,N20,VIIRS,n,2,310.74,20.91,N,0
36.05221,27.95914,318.21,0.62,0.54,2023-07-23,0038,N20,VIIRS,n,2,305.36,20.91,N,0
36.05072,27.94406,339.91,0.62,0.54,2023-07-23,0038,N20,VIIRS,n,2,304.21,43.22,N,0
36.04903,27.95091,337.44,0.62,0.54,2023-07-23,0038,N20,VIIRS,n,2,315.3,20.91,N,0
36.04737,27.95766,327.14,0.62,0.54,2023-07-23,0038,N20,VIIRS,n,2,303.17,20.91,N,0
36.04419,27.94946,345.27,0.62,0.54,2023-07-23,0038,N20,VIIRS,n,2,304.56,8.16,N,0
36.07058,27.94052,337.68,0.42,0.61,2023-07-23,1018,N20,VIIRS,n,2,310.16,7.8,D,0
36.06942,27.93611,342.67,0.42,0.61,2023-07-23,1018,N20,VIIRS,n,2,308.87,6.6,D,0
36.07596,27.93828,367,0.42,0.61,2023-07-23,1018,N20,VIIRS,h,2,313.75,28.9,D,0
36.07479,27.93381,342.07,0.42,0.61,2023-07-23,1018,N20,VIIRS,n,2,316.31,24.45,D,0
36.08247,27.94034,351.32,0.42,0.61,2023-07-23,1018,N20,VIIRS,n,2,309.54,28.9,D,0
36.08131,27.9359,355.35,0.42,0.61,2023-07-23,1018,N20,VIIRS,n,2,314.42,28.9,D,0
36.08014,27.93147,341.38,0.42,0.61,2023-07-23,1018,N20,VIIRS,n,2,307.43,24.45,D,0
36.05632,27.9374,339.18,0.42,0.61,2023-07-23,1018,N20,VIIRS,l,2,311.97,8.39,D,0
36.07418,27.93706,350.64,0.42,0.61,2023-07-23,1018,N20,VIIRS,n,2,311.68,13.03,D,0
36.0807,27.93905,367,0.42,0.61,2023-07-23,1018,N20,VIIRS,h,2,311.61,14.1,D,0
36.07952,27.93468,347.98,0.42,0.61,2023-07-23,1018,N20,VIIRS,n,2,322.74,45.41,D,0
36.07832,27.93022,349.55,0.42,0.61,2023-07-23,1018,N20,VIIRS,n,2,307.74,45.41,D,0
36.08729,27.94131,344.45,0.42,0.61,2023-07-23,1018,N20,VIIRS,n,2,308.67,14.1,D,0
36.08606,27.93674,352.84,0.42,0.61,2023-07-23,1018,N20,VIIRS,n,2,308.38,14.1,D,0
36.09273,27.93931,367,0.42,0.61,2023-07-23,1018,N20,VIIRS,h,2,311.26,21.9,D,0
36.09946,27.94212,367,0.42,0.61,2023-07-23,1018,N20,VIIRS,h,2,309.01,14.7,D,0
36.10494,27.94028,367,0.42,0.61,2023-07-23,1018,N20,VIIRS,h,2,310.1,42.39,D,0
36.1118,27.94358,367,0.42,0.61,2023-07-23,1018,N20,VIIRS,h,2,308.42,42.39,D,0
36.11723,27.94158,367,0.42,0.61,2023-07-23,1018,N20,VIIRS,h,2,315.04,79.03,D,0
36.11855,27.94648,351.14,0.42,0.61,2023-07-23,1018,N20,VIIRS,n,2,311.1,23.61,D,0
36.12385,27.944,367,0.42,0.61,2023-07-23,1018,N20,VIIRS,h,2,311.37,23.61,D,0
36.12264,27.93945,367,0.42,0.61,2023-07-23,1018,N20,VIIRS,h,2,337.94,79.03,D,0
36.12506,27.94853,341.76,0.42,0.61,2023-07-23,1018,N20,VIIRS,n,2,313.15,23.61,D,0
36.12135,27.93461,350.8,0.42,0.61,2023-07-23,1018,N20,VIIRS,n,2,309.04,79.03,D,0
36.12,27.92955,341.99,0.42,0.61,2023-07-23,1018,N20,VIIRS,n,2,307.06,27.42,D,0
36.13029,27.94575,367,0.42,0.61,2023-07-23,1018,N20,VIIRS,h,2,316.69,530.97,D,0
36.12668,27.93221,367,0.42,0.61,2023-07-23,1018,N20,VIIRS,h,2,307.92,266.92,D,0
36.12542,27.92751,367,0.42,0.61,2023-07-23,1018,N20,VIIRS,h,2,309.47,9.19,D,0
36.13147,27.95019,346.92,0.42,0.61,2023-07-23,1018,N20,VIIRS,n,2,312.31,29.73,D,0
36.12422,27.92299,348.12,0.42,0.61,2023-07-23,1018,N20,VIIRS,n,2,309.45,9.19,D,0
36.123,27.91844,341.71,0.42,0.61,2023-07-23,1018,N20,VIIRS,n,2,309.35,7.08,D,0
36.12912,27.94135,367,0.42,0.61,2023-07-23,1018,N20,VIIRS,l,2,356.93,530.97,D,0
36.12793,27.93689,367,0.42,0.61,2023-07-23,1018,N20,VIIRS,l,2,329.23,266.92,D,0
36.13675,27.94758,367,0.42,0.61,2023-07-23,1018,N20,VIIRS,h,2,313.32,29.73,D,0
36.13089,27.92563,367,0.42,0.61,2023-07-23,1018,N20,VIIRS,h,2,311.96,9.19,D,0
36.13789,27.95189,342.67,0.42,0.61,2023-07-23,1018,N20,VIIRS,n,2,310.54,29.73,D,0
36.13206,27.93002,353.1,0.42,0.61,2023-07-23,1018,N20,VIIRS,n,2,315,266.92,D,0
36.12972,27.92123,351.13,0.42,0.61,2023-07-23,1018,N20,VIIRS,n,2,310.05,9.19,D,0
36.12851,27.9167,340.8,0.42,0.61,2023-07-23,1018,N20,VIIRS,n,2,309.11,7.08,D,0
36.13558,27.94323,353.7,0.42,0.61,2023-07-23,1018,N20,VIIRS,l,2,335.4,530.97,D,0
36.13442,27.93888,367,0.42,0.61,2023-07-23,1018,N20,VIIRS,l,2,368.2,530.97,D,0
36.13325,27.93447,367,0.42,0.61,2023-07-23,1018,N20,VIIRS,l,2,367.45,266.92,D,0
36.1422,27.94566,354.44,0.42,0.61,2023-07-23,1018,N20,VIIRS,n,2,309.92,19.59,D,0
36.14099,27.94111,356,0.42,0.61,2023-07-23,1018,N20,VIIRS,n,2,323.9,281.16,D,0
36.13747,27.92789,356.04,0.42,0.61,2023-07-23,1018,N20,VIIRS,n,2,311.26,212.41,D,0
36.13634,27.92366,355.98,0.42,0.61,2023-07-23,1018,N20,VIIRS,n,2,309.34,17.61,D,0
36.13519,27.91935,345.07,0.42,0.61,2023-07-23,1018,N20,VIIRS,n,2,310.12,17.61,D,0
36.13979,27.93662,367,0.42,0.61,2023-07-23,1018,N20,VIIRS,l,2,374.06,281.16,D,0
36.13862,27.93223,367,0.42,0.61,2023-07-23,1018,N20,VIIRS,l,2,369.05,212.41,D,0
36.14641,27.93909,367,0.42,0.61,2023-07-23,1018,N20,VIIRS,h,2,310.01,281.16,D,0
36.14291,27.9259,367,0.42,0.61,2023-07-23,1018,N20,VIIRS,h,2,312.6,212.41,D,0
36.14766,27.94379,341.61,0.42,0.61,2023-07-23,1018,N20,VIIRS,n,2,309.3,19.59,D,0
36.14177,27.92161,345.67,0.42,0.61,2023-07-23,1018,N20,VIIRS,n,2,311.11,17.61,D,0
36.14523,27.93464,352.52,0.42,0.61,2023-07-23,1018,N20,VIIRS,l,2,332.17,281.16,D,0
36.14407,27.93026,367,0.42,0.61,2023-07-23,1018,N20,VIIRS,l,2,348.33,212.41,D,0
36.15081,27.93321,367,0.42,0.61,2023-07-23,1018,N20,VIIRS,h,2,314.82,68.33,D,0
36.14964,27.9288,207.93,0.42,0.61,2023-07-23,1018,N20,VIIRS,l,2,318.62,112.58,D,0
36.15634,27.93157,367,0.42,0.61,2023-07-23,1018,N20,VIIRS,h,2,313.68,68.33,D,0
36.17197,27.99061,343.4,0.42,0.61,2023-07-23,1018,N20,VIIRS,n,2,303.07,2.53,D,0
36.17749,27.98898,367,0.42,0.61,2023-07-23,1018,N20,VIIRS,h,2,313.35,16.88,D,0
36.16383,27.93732,367,0.42,0.61,2023-07-23,1018,N20,VIIRS,h,2,316,11.01,D,0
36.16278,27.93338,367,0.42,0.61,2023-07-23,1018,N20,VIIRS,h,2,311.5,8.68,D,0
36.17624,27.98428,339.57,0.42,0.61,2023-07-23,1018,N20,VIIRS,n,2,302.35,4.03,D,0
36.16492,27.94146,347.4,0.42,0.61,2023-07-23,1018,N20,VIIRS,n,2,315.07,11.01,D,0
36.16173,27.92939,351.89,0.42,0.61,2023-07-23,1018,N20,VIIRS,n,2,311.43,8.68,D,0
36.17131,27.94308,367,0.42,0.61,2023-07-23,1018,N20,VIIRS,h,2,314.55,15.82,D,0
36.1702,27.93889,367,0.42,0.61,2023-07-23,1018,N20,VIIRS,h,2,312.68,11.01,D,0
36.18165,27.98223,351.57,0.42,0.61,2023-07-23,1018,N20,VIIRS,n,2,309.69,4.03,D,0
36.19222,27.99986,367,0.42,0.61,2023-07-23,1018,N20,VIIRS,h,2,310.07,28.31,D,0
36.19099,27.99515,355.2,0.42,0.61,2023-07-23,1018,N20,VIIRS,n,2,312.5,28.31,D,0
36.18706,27.98022,345,0.42,0.61,2023-07-23,1018,N20,VIIRS,n,2,310.73,5.52,D,0
36.19241,27.97796,367,0.42,0.61,2023-07-23,1018,N20,VIIRS,h,2,309.4,5.52,D,0
36.19889,28.00265,343.14,0.42,0.61,2023-07-23,1018,N20,VIIRS,n,2,307.59,24.95,D,0
36.1976,27.99773,350.55,0.42,0.61,2023-07-23,1018,N20,VIIRS,n,2,320.74,28.31,D,0
36.19122,27.97346,344.12,0.42,0.61,2023-07-23,1018,N20,VIIRS,n,2,308.1,5.52,D,0
36.19779,27.97584,367,0.42,0.61,2023-07-23,1018,N20,VIIRS,h,2,315.17,10.64,D,0
36.19899,27.9804,344.74,0.42,0.61,2023-07-23,1018,N20,VIIRS,n,2,311.77,16.36,D,0
36.19662,27.97139,356.66,0.42,0.61,2023-07-23,1018,N20,VIIRS,n,2,310.4,10.64,D,0
36.20318,27.97375,341.14,0.42,0.61,2023-07-23,1018,N20,VIIRS,n,2,309.44,10.64,D,0
36.16982,27.94295,367,0.42,0.61,2023-07-23,1019,N20,VIIRS,h,2,315.42,14.89,D,0
36.16869,27.93881,367,0.42,0.61,2023-07-23,1019,N20,VIIRS,h,2,313.59,15.65,D,0
36.18032,27.98177,349.03,0.42,0.61,2023-07-23,1019,N20,VIIRS,n,2,308.9,3.78,D,0
36.19101,27.99933,367,0.42,0.61,2023-07-23,1019,N20,VIIRS,h,2,309,9.98,D,0
36.18975,27.99464,354.18,0.42,0.61,2023-07-23,1019,N20,VIIRS,n,2,311.38,9.98,D,0
36.18573,27.97977,342,0.42,0.61,2023-07-23,1019,N20,VIIRS,n,2,310.04,3.78,D,0
36.19111,27.97763,367,0.42,0.61,2023-07-23,1019,N20,VIIRS,h,2,309.92,11.56,D,0
36.19772,28.00213,350.71,0.42,0.61,2023-07-23,1019,N20,VIIRS,n,2,307.84,22.63,D,0
36.19649,27.97551,367,0.42,0.61,2023-07-23,1019,N20,VIIRS,h,2,313.62,11.56,D,0
36.19529,27.97106,367,0.42,0.61,2023-07-23,1019,N20,VIIRS,h,2,310.94,11.56,D,0
36.19771,27.98003,341.57,0.42,0.61,2023-07-23,1019,N20,VIIRS,n,2,311.3,17.14,D,0
36.20187,27.97339,355.34,0.42,0.61,2023-07-23,1019,N20,VIIRS,n,2,310.73,6.34,D,0
36.21889,27.99246,367,0.42,0.61,2023-07-23,1019,N20,VIIRS,h,2,313.51,14.42,D,0
36.21271,27.96943,367,0.42,0.61,2023-07-23,1019,N20,VIIRS,h,2,313.38,13.45,D,0
36.21764,27.98782,350.56,0.42,0.61,2023-07-23,1019,N20,VIIRS,n,2,316.86,27.98,D,0
36.21155,27.9651,347.87,0.42,0.61,2023-07-23,1019,N20,VIIRS,n,2,310.29,13.45,D,0
36.22423,27.99022,334.06,0.42,0.61,2023-07-23,1019,N20,VIIRS,n,2,307.71,14.42,D,0
36.22365,27.96583,367,0.42,0.61,2023-07-23,1019,N20,VIIRS,h,2,311.81,11.1,D,0
36.22482,27.97021,347.1,0.42,0.61,2023-07-23,1019,N20,VIIRS,n,2,308.6,11.96,D,0
36.0806,27.9385,367,0.46,0.63,2023-07-23,1159,N20,VIIRS,h,2,315.35,9.79,D,0
36.08036,27.93325,354.43,0.46,0.63,2023-07-23,1159,N20,VIIRS,n,2,315.21,9.79,D,0
36.08649,27.93831,367,0.46,0.63,2023-07-23,1159,N20,VIIRS,h,2,314.39,9.79,D,0
36.08625,27.93317,344.6,0.46,0.63,2023-07-23,1159,N20,VIIRS,n,2,312.66,9.79,D,0
36.09235,27.93766,367,0.46,0.63,2023-07-23,1159,N20,VIIRS,h,2,318.16,17.41,D,0
36.09259,27.94276,350.76,0.46,0.63,2023-07-23,1159,N20,VIIRS,n,2,314.91,13.76,D,0
36.09212,27.93256,340.97,0.46,0.63,2023-07-23,1159,N20,VIIRS,n,2,313.06,17.41,D,0
36.09845,27.94197,342.4,0.46,0.63,2023-07-23,1159,N20,VIIRS,n,2,312.49,13.76,D,0
36.09821,27.93692,349.35,0.46,0.63,2023-07-23,1159,N20,VIIRS,n,2,319.24,17.41,D,0
36.10408,27.9362,367,0.46,0.63,2023-07-23,1159,N20,VIIRS,h,2,313.36,54.96,D,0
36.10431,27.9411,342.75,0.46,0.63,2023-07-23,1159,N20,VIIRS,n,2,312.33,29.22,D,0
36.11016,27.94028,367,0.46,0.63,2023-07-23,1159,N20,VIIRS,h,2,313.89,29.22,D,0
36.10994,27.93558,367,0.46,0.63,2023-07-23,1159,N20,VIIRS,h,2,332.96,54.96,D,0
36.11602,27.93942,367,0.46,0.63,2023-07-23,1159,N20,VIIRS,h,2,324.86,31.75,D,0
36.11624,27.94408,343.92,0.46,0.63,2023-07-23,1159,N20,VIIRS,n,2,313.94,31.75,D,0
36.12188,27.93869,367,0.46,0.63,2023-07-23,1159,N20,VIIRS,h,2,320.75,31.75,D,0
36.12212,27.94363,345.55,0.46,0.63,2023-07-23,1159,N20,VIIRS,n,2,312.27,31.75,D,0
36.12778,27.93869,367,0.46,0.63,2023-07-23,1159,N20,VIIRS,h,2,320.9,48.52,D,0
36.12802,27.94382,347.04,0.46,0.63,2023-07-23,1159,N20,VIIRS,n,2,314.43,48.52,D,0
36.12753,27.93372,367,0.46,0.63,2023-07-23,1159,N20,VIIRS,l,2,344.6,91.38,D,0
36.13367,27.93871,367,0.46,0.63,2023-07-23,1159,N20,VIIRS,h,2,318.9,48.52,D,0
36.13393,27.94396,342.23,0.46,0.63,2023-07-23,1159,N20,VIIRS,n,2,311.2,48.52,D,0
36.13317,27.92825,349.4,0.46,0.63,2023-07-23,1159,N20,VIIRS,n,2,315.27,91.38,D,0
36.13342,27.9335,367,0.46,0.63,2023-07-23,1159,N20,VIIRS,l,2,334.31,91.38,D,0
36.13956,27.93851,367,0.46,0.63,2023-07-23,1159,N20,VIIRS,h,2,319.19,21.53,D,0
36.13931,27.93323,367,0.46,0.63,2023-07-23,1159,N20,VIIRS,h,2,325.42,34.09,D,0
36.13904,27.92784,346.8,0.46,0.63,2023-07-23,1159,N20,VIIRS,n,2,319.68,34.09,D,0
36.14568,27.943,367,0.46,0.63,2023-07-23,1159,N20,VIIRS,h,2,312.47,21.53,D,0
36.14544,27.93798,367,0.46,0.63,2023-07-23,1159,N20,VIIRS,h,2,310.83,21.53,D,0
36.14517,27.93264,367,0.46,0.63,2023-07-23,1159,N20,VIIRS,h,2,319.96,34.09,D,0
36.14491,27.92731,350.71,0.46,0.63,2023-07-23,1159,N20,VIIRS,n,2,315.19,34.09,D,0
36.151,27.93132,367,0.46,0.63,2023-07-23,1159,N20,VIIRS,h,2,320.22,24.94,D,0
36.15685,27.93047,367,0.46,0.63,2023-07-23,1159,N20,VIIRS,h,2,314.02,24.94,D,0
36.16304,27.93636,350.59,0.46,0.63,2023-07-23,1159,N20,VIIRS,n,2,315.82,8.39,D,0
36.16925,27.94231,341.46,0.46,0.63,2023-07-23,1159,N20,VIIRS,l,2,315.53,8.39,D,0
36.16897,27.93678,355.51,0.46,0.63,2023-07-23,1159,N20,VIIRS,n,2,316.7,8.39,D,0
36.13849,27.94213,353.53,0.46,0.64,2023-07-23,1159,N20,VIIRS,n,2,311.95,15.65,D,0
36.13826,27.93686,355.25,0.46,0.63,2023-07-23,1159,N20,VIIRS,n,2,320.69,43.63,D,0
36.1378,27.92609,342.11,0.46,0.63,2023-07-23,1159,N20,VIIRS,n,2,314.24,50.78,D,0
36.13803,27.93154,367,0.46,0.63,2023-07-23,1159,N20,VIIRS,l,2,337.42,43.63,D,0
36.14391,27.93098,367,0.46,0.63,2023-07-23,1159,N20,VIIRS,h,2,321.63,43.63,D,0
36.14436,27.94148,346.36,0.46,0.64,2023-07-23,1159,N20,VIIRS,n,2,311.3,15.65,D,0
36.14414,27.93636,355.07,0.46,0.63,2023-07-23,1159,N20,VIIRS,n,2,315.31,43.63,D,0
36.15022,27.94066,341.41,0.46,0.64,2023-07-23,1159,N20,VIIRS,l,2,311.97,11.43,D,0
36.14999,27.93533,352.92,0.46,0.63,2023-07-23,1159,N20,VIIRS,n,2,311.27,28.32,D,0
36.15559,27.92861,367,0.46,0.63,2023-07-23,1159,N20,VIIRS,h,2,316.66,28.32,D,0
36.15585,27.93434,342.81,0.46,0.63,2023-07-23,1159,N20,VIIRS,n,2,311.96,28.32,D,0
36.16174,27.93424,344.38,0.46,0.63,2023-07-23,1159,N20,VIIRS,n,2,314.17,7.41,D,0
36.16791,27.94032,367,0.46,0.64,2023-07-23,1159,N20,VIIRS,h,2,315.85,20.63,D,0
36.16766,27.93472,346.72,0.46,0.63,2023-07-23,1159,N20,VIIRS,n,2,313.03,7.41,D,0
36.17639,27.99837,367,0.46,0.64,2023-07-23,1159,N20,VIIRS,h,2,308.78,52.29,D,0
36.17595,27.98845,351.49,0.46,0.64,2023-07-23,1159,N20,VIIRS,n,2,313.75,42.22,D,0
36.17618,27.99361,367,0.46,0.64,2023-07-23,1159,N20,VIIRS,l,2,325.95,52.29,D,0
36.18204,27.99242,367,0.46,0.64,2023-07-23,1159,N20,VIIRS,h,2,312.25,52.29,D,0
36.18161,27.98272,346.93,0.46,0.64,2023-07-23,1159,N20,VIIRS,n,2,310.82,42.22,D,0
36.18836,28.00139,367,0.46,0.64,2023-07-23,1159,N20,VIIRS,h,2,314.98,36.4,D,0
36.18727,27.97719,367,0.46,0.64,2023-07-23,1159,N20,VIIRS,h,2,312.99,8.7,D,0
36.18814,27.99623,341.11,0.46,0.64,2023-07-23,1159,N20,VIIRS,n,2,310.82,16.26,D,0
36.19448,28.00578,367,0.46,0.64,2023-07-23,1159,N20,VIIRS,h,2,313.78,36.4,D,0
36.19293,27.97157,367,0.46,0.64,2023-07-23,1159,N20,VIIRS,h,2,312.31,8.7,D,0
36.19424,28.00043,355.96,0.46,0.64,2023-07-23,1159,N20,VIIRS,n,2,316.67,36.4,D,0
36.19402,27.99565,352.27,0.46,0.64,2023-07-23,1159,N20,VIIRS,n,2,313.9,16.26,D,0
36.19317,27.9768,355.82,0.46,0.64,2023-07-23,1159,N20,VIIRS,n,2,312.08,8.7,D,0
36.19994,27.99545,349.42,0.46,0.64,2023-07-23,1159,N20,VIIRS,n,2,310.28,7.7,D,0
36.19906,27.97634,344.64,0.46,0.64,2023-07-23,1159,N20,VIIRS,n,2,312.09,7.43,D,0
36.19882,27.97108,356.31,0.46,0.64,2023-07-23,1159,N20,VIIRS,n,2,313.33,7.43,D,0
36.20495,27.97585,367,0.46,0.64,2023-07-23,1159,N20,VIIRS,h,2,312.46,7.43,D,0
36.20471,27.9706,352.53,0.46,0.64,2023-07-23,1159,N20,VIIRS,n,2,313.49,7.43,D,0
36.2106,27.97009,343.18,0.46,0.64,2023-07-23,1159,N20,VIIRS,n,2,314.59,5.88,D,0
36.21034,27.96458,346.02,0.46,0.64,2023-07-23,1159,N20,VIIRS,n,2,311.82,4.33,D,0
36.21764,27.99444,344.25,0.46,0.64,2023-07-23,1159,N20,VIIRS,n,2,310.3,7.98,D,0
36.21646,27.96921,341.46,0.46,0.64,2023-07-23,1159,N20,VIIRS,n,2,310.04,5.88,D,0
36.21621,27.96383,337.84,0.46,0.64,2023-07-23,1159,N20,VIIRS,l,2,311.39,4.33,D,0
36.22356,27.99434,367,0.46,0.64,2023-07-23,1159,N20,VIIRS,h,2,312.53,64.11,D,0
36.22332,27.98927,367,0.46,0.64,2023-07-23,1159,N20,VIIRS,l,2,329.54,64.11,D,0
36.23991,27.99112,332.3,0.53,0.42,2023-07-24,0020,N20,VIIRS,n,2,304.38,16.95,N,0
36.23874,27.99685,313.14,0.53,0.42,2023-07-24,0020,N20,VIIRS,n,2,300.64,9.76,N,0
36.22777,28.01158,343.18,0.53,0.42,2023-07-24,0020,N20,VIIRS,n,2,304.79,4.7,N,0
36.22892,28.00595,314.65,0.53,0.42,2023-07-24,0020,N20,VIIRS,n,2,301.1,4.7,N,0
36.22398,28.01062,333.67,0.53,0.42,2023-07-24,0020,N20,VIIRS,n,2,303.52,4.7,N,0
36.22284,28.0162,333.05,0.53,0.42,2023-07-24,0020,N20,VIIRS,n,2,302.03,4.1,N,0
36.22171,28.02172,329.15,0.53,0.42,2023-07-24,0020,N20,VIIRS,n,2,301.61,4.1,N,0
36.22514,28.00496,316.43,0.53,0.42,2023-07-24,0020,N20,VIIRS,n,2,300.81,4.7,N,0
36.21791,28.02083,328.69,0.53,0.42,2023-07-24,0020,N20,VIIRS,n,2,302.61,4.81,N,0
36.2295,27.96408,319.85,0.52,0.42,2023-07-24,0020,N20,VIIRS,n,2,302.28,4.91,N,0
36.22577,27.96288,334.22,0.52,0.42,2023-07-24,0020,N20,VIIRS,n,2,303.56,4.91,N,0
36.21298,28.02544,313.62,0.53,0.42,2023-07-24,0020,N20,VIIRS,n,2,301.7,1.57,N,0
36.22204,27.96165,347.12,0.52,0.42,2023-07-24,0020,N20,VIIRS,n,2,305.76,7.8,N,0
36.21829,27.96055,311.22,0.52,0.42,2023-07-24,0020,N20,VIIRS,n,2,300.86,7.8,N,0
36.21021,28,315.27,0.53,0.42,2023-07-24,0020,N20,VIIRS,n,2,300.94,3.95,N,0
36.21455,27.95939,312.24,0.52,0.42,2023-07-24,0020,N20,VIIRS,n,2,301.34,4.01,N,0
36.20267,27.99789,331.89,0.53,0.42,2023-07-24,0020,N20,VIIRS,n,2,301.89,5.49,N,0
36.20466,27.96882,316.08,0.53,0.42,2023-07-24,0020,N20,VIIRS,n,2,301.62,3.08,N,0
36.20092,27.96767,321.88,0.53,0.42,2023-07-24,0020,N20,VIIRS,n,2,301.84,3.08,N,0
36.21453,27.96446,317.38,0.53,0.42,2023-07-24,0020,N20,VIIRS,n,2,301.35,4.82,N,0
36.20027,27.99609,325.6,0.53,0.42,2023-07-24,0020,N20,VIIRS,n,2,300.73,5.21,N,0
36.20588,27.96802,314.1,0.53,0.42,2023-07-24,0020,N20,VIIRS,n,2,301.33,5.14,N,0
36.19839,27.96574,316.72,0.53,0.42,2023-07-24,0020,N20,VIIRS,n,2,300.82,4.83,N,0
36.18787,27.99838,319.74,0.53,0.42,2023-07-24,0020,N20,VIIRS,n,2,302.43,2.28,N,0
36.17311,27.9333,330.37,0.52,0.42,2023-07-24,0020,N20,VIIRS,n,2,300.64,7.65,N,0
36.16452,27.93645,330.46,0.52,0.42,2023-07-24,0020,N20,VIIRS,n,2,300.81,6.82,N,0
36.15078,27.92588,314.62,0.52,0.42,2023-07-24,0020,N20,VIIRS,n,2,300.17,2.67,N,0
36.14699,27.92494,316.88,0.52,0.42,2023-07-24,0020,N20,VIIRS,n,2,301.53,2.67,N,0
36.14324,27.92384,317.84,0.52,0.42,2023-07-24,0020,N20,VIIRS,n,2,300.06,4.17,N,0
36.13458,27.92732,329.29,0.52,0.42,2023-07-24,0020,N20,VIIRS,n,2,299.95,6.06,N,0
36.13342,27.93306,322.32,0.53,0.42,2023-07-24,0020,N20,VIIRS,n,2,299.54,5.6,N,0
36.12709,27.92509,331.04,0.52,0.42,2023-07-24,0020,N20,VIIRS,n,2,301.04,11.72,N,0
36.12593,27.93078,333.9,0.53,0.42,2023-07-24,0020,N20,VIIRS,n,2,303.4,9.24,N,0
36.12333,27.92403,340.77,0.52,0.42,2023-07-24,0020,N20,VIIRS,n,2,304.89,11.72,N,0
36.12217,27.9297,348.83,0.53,0.42,2023-07-24,0020,N20,VIIRS,n,2,308.47,9.24,N,0
36.11957,27.92295,330.92,0.52,0.42,2023-07-24,0020,N20,VIIRS,n,2,306.9,19.43,N,0
36.11842,27.92862,356.71,0.53,0.42,2023-07-24,0020,N20,VIIRS,n,2,310.35,49.32,N,0
36.11728,27.93419,314.7,0.53,0.42,2023-07-24,0020,N20,VIIRS,n,2,300.98,49.32,N,0
36.11583,27.92179,332.73,0.52,0.42,2023-07-24,0020,N20,VIIRS,n,2,301.78,19.43,N,0
36.11467,27.9275,367,0.53,0.42,2023-07-24,0020,N20,VIIRS,h,2,337.76,49.32,N,0
36.11351,27.93316,337.63,0.53,0.42,2023-07-24,0020,N20,VIIRS,n,2,305.44,49.32,N,0
36.11093,27.92632,344.52,0.53,0.42,2023-07-24,0020,N20,VIIRS,n,2,312.67,48.5,N,0
36.10975,27.93207,334.25,0.53,0.42,2023-07-24,0020,N20,VIIRS,n,2,307.92,48.5,N,0
36.1072,27.92511,367,0.53,0.42,2023-07-24,0020,N20,VIIRS,h,2,328.72,48.5,N,0
36.10601,27.93094,339.27,0.53,0.42,2023-07-24,0020,N20,VIIRS,n,2,308.12,48.5,N,0
36.10482,27.93669,334.37,0.53,0.42,2023-07-24,0020,N20,VIIRS,n,2,304.13,10.18,N,0
36.10347,27.92393,329.07,0.53,0.42,2023-07-24,0020,N20,VIIRS,n,2,318.46,81.35,N,0
36.10225,27.92983,335.92,0.53,0.42,2023-07-24,0020,N20,VIIRS,n,2,324.21,81.35,N,0
36.10106,27.93563,332.07,0.53,0.42,2023-07-24,0020,N20,VIIRS,n,2,304.08,22.41,N,0
36.09848,27.92881,339.37,0.53,0.42,2023-07-24,0020,N20,VIIRS,n,2,316.55,81.35,N,0
36.09731,27.93454,333.18,0.53,0.42,2023-07-24,0020,N20,VIIRS,n,2,307.68,22.41,N,0
36.11201,27.92487,336.95,0.53,0.42,2023-07-24,0020,N20,VIIRS,n,2,304.19,39.12,N,0
36.11087,27.93061,339.72,0.53,0.42,2023-07-24,0020,N20,VIIRS,n,2,318.73,32.96,N,0
36.10973,27.93636,311.82,0.53,0.42,2023-07-24,0020,N20,VIIRS,n,2,300.25,32.96,N,0
36.10828,27.92364,327.42,0.53,0.42,2023-07-24,0020,N20,VIIRS,n,2,314.49,39.12,N,0
36.10712,27.92945,326.14,0.53,0.42,2023-07-24,0020,N20,VIIRS,n,2,320.44,32.96,N,0
36.10597,27.93525,347.93,0.53,0.42,2023-07-24,0020,N20,VIIRS,n,2,304.88,32.96,N,0
36.10455,27.92242,334.54,0.53,0.42,2023-07-24,0020,N20,VIIRS,n,2,304.61,56.84,N,0
36.10338,27.9283,335.32,0.53,0.42,2023-07-24,0020,N20,VIIRS,n,2,322.27,63.83,N,0
36.10221,27.93417,327.62,0.53,0.42,2023-07-24,0020,N20,VIIRS,n,2,317.24,63.83,N,0
36.09962,27.92723,334.49,0.53,0.42,2023-07-24,0020,N20,VIIRS,n,2,311.62,63.83,N,0
36.09845,27.93308,328.51,0.53,0.42,2023-07-24,0020,N20,VIIRS,n,2,319.29,63.83,N,0
36.09586,27.92618,333.57,0.53,0.42,2023-07-24,0020,N20,VIIRS,n,2,302.85,28.31,N,0
36.09469,27.93202,328.48,0.53,0.42,2023-07-24,0020,N20,VIIRS,n,2,315.23,28.31,N,0
36.09209,27.92512,332.14,0.53,0.42,2023-07-24,0020,N20,VIIRS,n,2,301.58,28.31,N,0
36.09093,27.93095,318.39,0.53,0.42,2023-07-24,0020,N20,VIIRS,n,2,307,28.31,N,0
36.08344,27.92865,327.43,0.53,0.42,2023-07-24,0020,N20,VIIRS,n,2,300.94,4.34,N,0
36.08229,27.93436,330.68,0.53,0.42,2023-07-24,0020,N20,VIIRS,n,2,301.93,4.34,N,0
36.07856,27.93316,317.35,0.53,0.42,2023-07-24,0020,N20,VIIRS,n,2,301.42,1.85,N,0
36.07481,27.93198,317.59,0.53,0.42,2023-07-24,0020,N20,VIIRS,n,2,301.82,1.85,N,0
36.06236,27.93458,325.01,0.53,0.42,2023-07-24,0020,N20,VIIRS,n,2,302.43,19.11,N,0
36.06348,27.92899,311.43,0.53,0.42,2023-07-24,0020,N20,VIIRS,n,2,300.56,19.11,N,0
36.05857,27.93362,336.78,0.53,0.42,2023-07-24,0020,N20,VIIRS,n,2,315.4,19.11,N,0
36.05479,27.93261,336.68,0.53,0.42,2023-07-24,0020,N20,VIIRS,n,2,304.42,19.99,N,0
36.02861,27.93961,348.49,0.76,0.77,2023-07-24,1000,N20,VIIRS,n,2,303.51,17.68,D,3
36.02622,27.93192,334.36,0.76,0.77,2023-07-24,1000,N20,VIIRS,n,2,306.78,17.68,D,0
36.03772,27.94441,367,0.76,0.77,2023-07-24,1000,N20,VIIRS,h,2,306.95,45.7,D,0
36.03531,27.93665,352.24,0.76,0.77,2023-07-24,1000,N20,VIIRS,n,2,316.12,17.68,D,0
36.03296,27.9291,349.26,0.76,0.77,2023-07-24,1000,N20,VIIRS,n,2,311.96,17.68,D,0
36.02483,27.93304,337.19,0.76,0.77,2023-07-24,1000,N20,VIIRS,n,2,305.95,3.56,D,0
36.03645,27.94562,367,0.76,0.77,2023-07-24,1000,N20,VIIRS,h,2,303.82,28.17,D,3
36.03398,27.93783,354.24,0.76,0.77,2023-07-24,1000,N20,VIIRS,n,2,315.28,28.17,D,0
36.03161,27.93034,355.24,0.76,0.77,2023-07-24,1000,N20,VIIRS,n,2,312.71,21.73,D,0
36.0432,27.94285,367,0.76,0.77,2023-07-24,1000,N20,VIIRS,h,2,310.25,28.17,D,0
36.04077,27.93516,355.57,0.76,0.77,2023-07-24,1000,N20,VIIRS,n,2,318.08,28.17,D,0
36.03843,27.92775,347.39,0.76,0.77,2023-07-24,1000,N20,VIIRS,n,2,313.71,21.73,D,0
36.05008,27.94047,367,0.76,0.77,2023-07-24,1000,N20,VIIRS,h,2,311.08,48.95,D,0
36.04521,27.92507,346.1,0.76,0.77,2023-07-24,1000,N20,VIIRS,n,2,312.31,19.93,D,0
36.05201,27.92243,367,0.76,0.77,2023-07-24,1000,N20,VIIRS,h,2,311.23,19.93,D,0
36.05439,27.92997,348.38,0.76,0.77,2023-07-24,1000,N20,VIIRS,n,2,311.05,48.95,D,0
36.04967,27.91502,351.58,0.76,0.77,2023-07-24,1000,N20,VIIRS,n,2,308.82,19.93,D,0
36.0641,27.93658,367,0.76,0.77,2023-07-24,1000,N20,VIIRS,h,2,311.12,34.63,D,0
36.06118,27.92732,367,0.76,0.77,2023-07-24,1000,N20,VIIRS,h,2,311.77,34.63,D,0
36.05885,27.9199,367,0.76,0.77,2023-07-24,1000,N20,VIIRS,h,2,317.19,156,D,0
36.05411,27.90489,335.78,0.76,0.77,2023-07-24,1000,N20,VIIRS,l,2,309.43,97.13,D,0
36.05648,27.91238,367,0.76,0.77,2023-07-24,1000,N20,VIIRS,l,2,347.46,156,D,0
36.06803,27.92484,367,0.76,0.77,2023-07-24,1000,N20,VIIRS,h,2,311.19,34.63,D,0
36.06566,27.91731,367,0.76,0.77,2023-07-24,1000,N20,VIIRS,h,2,327.51,156,D,0
36.07097,27.9342,339.71,0.76,0.77,2023-07-24,1000,N20,VIIRS,n,2,308.99,34.63,D,0
36.06342,27.91019,334.9,0.76,0.77,2023-07-24,1000,N20,VIIRS,n,2,308.39,156,D,0
36.07473,27.9219,367,0.76,0.77,2023-07-24,1000,N20,VIIRS,h,2,309.44,30.98,D,0
36.07755,27.93087,339.96,0.76,0.77,2023-07-24,1000,N20,VIIRS,n,2,309.97,30.98,D,0
36.07243,27.91457,355,0.76,0.77,2023-07-24,1000,N20,VIIRS,n,2,309.64,35.42,D,0
36.08409,27.92743,338.3,0.76,0.77,2023-07-24,1000,N20,VIIRS,n,2,308.85,30.98,D,0
36.08149,27.91914,354.06,0.76,0.77,2023-07-24,1000,N20,VIIRS,n,2,320.23,30.98,D,0
36.07899,27.91116,334.85,0.76,0.77,2023-07-24,1000,N20,VIIRS,n,2,309.81,35.42,D,0
36.09087,27.92475,367,0.76,0.77,2023-07-24,1000,N20,VIIRS,h,2,311,33.96,D,0
36.09327,27.93242,337.92,0.76,0.77,2023-07-24,1000,N20,VIIRS,n,2,311.68,25.97,D,0
36.08839,27.91683,353.74,0.76,0.77,2023-07-24,1000,N20,VIIRS,n,2,314.03,33.96,D,0
36.09776,27.92245,367,0.76,0.77,2023-07-24,1000,N20,VIIRS,h,2,314.7,33.96,D,0
36.09516,27.91412,351.06,0.76,0.77,2023-07-24,1000,N20,VIIRS,n,2,310.64,33.96,D,0
36.10702,27.92768,341.51,0.76,0.77,2023-07-24,1000,N20,VIIRS,n,2,309.96,53.27,D,0
36.10471,27.92032,354.28,0.76,0.77,2023-07-24,1000,N20,VIIRS,n,2,316.34,45.97,D,0
36.11361,27.92443,367,0.76,0.77,2023-07-24,1000,N20,VIIRS,h,2,318.63,53.27,D,0
36.11116,27.91658,352.2,0.76,0.77,2023-07-24,1000,N20,VIIRS,n,2,311.07,45.97,D,0
36.12277,27.92941,367,0.76,0.77,2023-07-24,1000,N20,VIIRS,h,2,314.71,26.23,D,0
36.12022,27.92122,354.98,0.76,0.77,2023-07-24,1000,N20,VIIRS,n,2,313.61,26.23,D,0
36.13195,27.93445,367,0.76,0.77,2023-07-24,1000,N20,VIIRS,h,2,313.68,28.29,D,0
36.14342,27.94688,367,0.75,0.77,2023-07-24,1000,N20,VIIRS,h,2,307.75,44.64,D,0
36.14093,27.93887,354,0.75,0.77,2023-07-24,1000,N20,VIIRS,n,2,312.89,88.6,D,0
36.15022,27.94432,367,0.75,0.77,2023-07-24,1000,N20,VIIRS,h,2,310.18,44.64,D,0
36.08118,27.92177,367,0.76,0.77,2023-07-24,1000,N20,VIIRS,h,2,313.64,46.75,D,0
36.0838,27.92995,344.69,0.76,0.77,2023-07-24,1000,N20,VIIRS,n,2,309.42,20.59,D,0
36.07857,27.91361,344.21,0.76,0.77,2023-07-24,1000,N20,VIIRS,n,2,313.22,46.75,D,0
36.08809,27.91947,367,0.76,0.77,2023-07-24,1000,N20,VIIRS,h,2,315.33,46.75,D,0
36.0905,27.92703,335.69,0.76,0.77,2023-07-24,1000,N20,VIIRS,n,2,309.68,20.59,D,0
36.08544,27.9112,338.31,0.76,0.77,2023-07-24,1000,N20,VIIRS,n,2,308.75,46.75,D,0
36.09743,27.92483,367,0.76,0.77,2023-07-24,1000,N20,VIIRS,h,2,312.12,41.78,D,0
36.10444,27.92287,367,0.76,0.77,2023-07-24,1000,N20,VIIRS,h,2,313.43,41.78,D,0
36.10168,27.91421,347.95,0.76,0.77,2023-07-24,1000,N20,VIIRS,n,2,309.33,94.97,D,0
36.11338,27.927,367,0.76,0.77,2023-07-24,1000,N20,VIIRS,h,2,311.65,63.99,D,0
36.12001,27.92386,367,0.76,0.77,2023-07-24,1000,N20,VIIRS,h,2,317.96,63.99,D,0
36.12273,27.9324,340.35,0.76,0.77,2023-07-24,1000,N20,VIIRS,n,2,312.75,30.57,D,0
36.11753,27.91605,343.36,0.76,0.77,2023-07-24,1000,N20,VIIRS,n,2,310.6,63.99,D,0
36.13185,27.93711,354,0.75,0.77,2023-07-24,1000,N20,VIIRS,n,2,313.12,13.94,D,0
36.12935,27.92924,348.6,0.76,0.77,2023-07-24,1000,N20,VIIRS,n,2,312.68,13.94,D,0
36.14086,27.94151,342.41,0.75,0.77,2023-07-24,1000,N20,VIIRS,n,2,309.34,8.55,D,0
36.15016,27.94683,346.52,0.75,0.77,2023-07-24,1000,N20,VIIRS,n,2,311.27,141.88,D,0
36.20815,28.03454,340.95,0.74,0.76,2023-07-24,1000,N20,VIIRS,n,2,306.12,73.7,D,0
36.21531,28.03328,367,0.74,0.76,2023-07-24,1000,N20,VIIRS,h,2,311.21,73.7,D,0
36.21243,28.02408,300.85,0.74,0.76,2023-07-24,1000,N20,VIIRS,l,2,318.56,130.99,D,0
36.22211,28.03086,367,0.74,0.76,2023-07-24,1000,N20,VIIRS,h,2,307.13,44.89,D,0
36.21927,28.02177,344.67,0.74,0.76,2023-07-24,1000,N20,VIIRS,n,2,314.03,49.31,D,0
36.22312,28.00991,367,0.74,0.76,2023-07-24,1000,N20,VIIRS,h,2,311.45,49.31,D,0
36.22996,28.00761,367,0.74,0.76,2023-07-24,1000,N20,VIIRS,h,2,306.65,23.14,D,0
36.224,28.01484,353.49,0.74,0.76,2023-07-24,1000,N20,VIIRS,n,2,305.96,21.7,D,0
36.22114,28.00589,351.21,0.74,0.76,2023-07-24,1000,N20,VIIRS,n,2,312.97,34.28,D,0
36.23078,28.01234,339.82,0.74,0.76,2023-07-24,1000,N20,VIIRS,n,2,304.98,21.7,D,0
36.22797,28.00355,355.26,0.74,0.76,2023-07-24,1000,N20,VIIRS,n,2,308.59,34.28,D,0
36.03914,27.93826,353.32,0.49,0.49,2023-07-24,1140,N20,VIIRS,n,2,319.71,17.83,D,0
36.05513,27.91289,367,0.49,0.49,2023-07-24,1140,N20,VIIRS,h,2,325.48,56.66,D,0
36.05959,27.91209,367,0.49,0.49,2023-07-24,1140,N20,VIIRS,h,2,345.76,56.66,D,0
36.06057,27.92359,347.33,0.49,0.49,2023-07-24,1140,N20,VIIRS,l,2,318.7,16.73,D,0
36.06008,27.91784,347.2,0.49,0.49,2023-07-24,1140,N20,VIIRS,n,2,318.58,56.66,D,0
36.06406,27.91129,367,0.49,0.49,2023-07-24,1140,N20,VIIRS,h,2,328.9,77.2,D,0
36.0655,27.92825,349.82,0.49,0.49,2023-07-24,1140,N20,VIIRS,n,2,319.26,11.67,D,0
36.06455,27.91711,351.12,0.49,0.49,2023-07-24,1140,N20,VIIRS,l,2,326.18,77.2,D,0
36.06998,27.92747,367,0.49,0.49,2023-07-24,1140,N20,VIIRS,h,2,318.87,11.67,D,0
36.06904,27.91654,367,0.49,0.49,2023-07-24,1140,N20,VIIRS,l,2,337.41,77.2,D,0
36.07352,27.91592,367,0.49,0.49,2023-07-24,1140,N20,VIIRS,l,2,327.83,35.24,D,0
36.07801,27.91545,351.62,0.49,0.49,2023-07-24,1140,N20,VIIRS,n,2,322.99,35.24,D,0
36.08248,27.91474,367,0.49,0.49,2023-07-24,1140,N20,VIIRS,h,2,355.65,152.64,D,0
36.08789,27.92494,349.36,0.49,0.49,2023-07-24,1140,N20,VIIRS,l,2,322.76,55.45,D,0
36.08741,27.91934,350.26,0.49,0.49,2023-07-24,1140,N20,VIIRS,l,2,326.66,55.45,D,0
36.08694,27.91397,367,0.49,0.49,2023-07-24,1140,N20,VIIRS,l,2,331.09,152.64,D,0
36.09188,27.91863,367,0.49,0.49,2023-07-24,1140,N20,VIIRS,l,2,334.9,75.5,D,0
36.09636,27.91794,367,0.49,0.49,2023-07-24,1140,N20,VIIRS,l,2,337.74,75.5,D,0
36.10179,27.92826,349.23,0.49,0.49,2023-07-24,1140,N20,VIIRS,n,2,318.98,10.02,D,0
36.10082,27.91714,354.17,0.49,0.49,2023-07-24,1140,N20,VIIRS,n,2,324.34,112.97,D,0
36.1053,27.91646,367,0.49,0.49,2023-07-24,1140,N20,VIIRS,h,2,351.67,112.97,D,0
36.11476,27.92091,367,0.49,0.49,2023-07-24,1140,N20,VIIRS,l,2,326.61,99.65,D,0
36.11925,27.92038,355.4,0.49,0.49,2023-07-24,1140,N20,VIIRS,n,2,323.16,41.76,D,0
36.12469,27.93063,346.76,0.49,0.49,2023-07-24,1140,N20,VIIRS,n,2,319.94,20.38,D,0
36.12421,27.92521,352.45,0.49,0.49,2023-07-24,1140,N20,VIIRS,n,2,323.76,20.38,D,0
36.12868,27.92446,367,0.49,0.49,2023-07-24,1140,N20,VIIRS,h,2,336.69,68.61,D,0
36.12917,27.93002,350.14,0.49,0.49,2023-07-24,1140,N20,VIIRS,l,2,325.26,68.61,D,0
36.13366,27.92944,367,0.49,0.49,2023-07-24,1140,N20,VIIRS,l,2,333.19,68.61,D,0
36.1268,27.92848,367,0.49,0.49,2023-07-24,1140,N20,VIIRS,l,2,336.32,48.92,D,0
36.13174,27.93333,346.48,0.49,0.49,2023-07-24,1140,N20,VIIRS,l,2,320.7,48.92,D,0
36.13128,27.92778,367,0.49,0.49,2023-07-24,1140,N20,VIIRS,l,2,334.87,48.92,D,0
36.13623,27.93284,346.52,0.49,0.49,2023-07-24,1140,N20,VIIRS,l,2,320.63,28.5,D,0
36.13577,27.9272,348.41,0.49,0.49,2023-07-24,1140,N20,VIIRS,l,2,322.81,28.5,D,0
36.14613,27.94265,343.42,0.5,0.49,2023-07-24,1140,N20,VIIRS,l,2,315.82,13.53,D,0
36.14568,27.93722,349.17,0.5,0.49,2023-07-24,1140,N20,VIIRS,n,2,322.52,13.53,D,0
36.15015,27.93633,344.9,0.5,0.49,2023-07-24,1140,N20,VIIRS,l,2,317.94,13.53,D,0
36.14966,27.93055,345.17,0.49,0.49,2023-07-24,1140,N20,VIIRS,l,2,319.4,7.72,D,0
36.1492,27.92505,342.74,0.49,0.49,2023-07-24,1140,N20,VIIRS,l,2,316.2,7.72,D,0
36.17572,28.02426,345.1,0.5,0.49,2023-07-24,1140,N20,VIIRS,n,2,312.22,67.17,D,0
36.17522,28.01837,367,0.5,0.49,2023-07-24,1140,N20,VIIRS,l,2,345.64,178.43,D,0
36.17974,28.01786,367,0.5,0.49,2023-07-24,1140,N20,VIIRS,l,2,330.67,81.61,D,0
36.18377,28.01147,367,0.5,0.49,2023-07-24,1140,N20,VIIRS,h,2,314.97,81.61,D,0
36.18779,28.00514,344.11,0.5,0.49,2023-07-24,1140,N20,VIIRS,n,2,314.82,8.4,D,0
36.19873,28.02645,343.94,0.5,0.49,2023-07-24,1140,N20,VIIRS,n,2,312.58,9.64,D,0
36.19631,27.99805,345.1,0.5,0.49,2023-07-24,1140,N20,VIIRS,n,2,316.25,35.5,D,0
36.19587,27.99286,367,0.5,0.49,2023-07-24,1140,N20,VIIRS,l,2,326.52,53.95,D,0
36.20425,28.03765,367,0.5,0.49,2023-07-24,1140,N20,VIIRS,h,2,338.95,60.32,D,0
36.20475,28.04348,349.19,0.5,0.49,2023-07-24,1140,N20,VIIRS,n,2,313.97,66.68,D,0
36.20376,28.03184,353.02,0.5,0.49,2023-07-24,1140,N20,VIIRS,n,2,316.3,60.32,D,0
36.20324,28.02583,354.08,0.5,0.49,2023-07-24,1140,N20,VIIRS,n,2,315.36,9.64,D,0
36.20127,28.00271,342.66,0.5,0.49,2023-07-24,1140,N20,VIIRS,n,2,312.01,35.5,D,0
36.19805,27.9652,341.79,0.5,0.49,2023-07-24,1140,N20,VIIRS,l,2,315.5,14.93,D,0
36.20083,27.99759,367,0.5,0.49,2023-07-24,1140,N20,VIIRS,l,2,328.18,35.5,D,0
36.20824,28.0308,367,0.5,0.49,2023-07-24,1140,N20,VIIRS,h,2,335.99,86.45,D,0
36.20922,28.04229,367,0.5,0.49,2023-07-24,1140,N20,VIIRS,l,2,328.91,64.74,D,0
36.20872,28.0364,350.34,0.5,0.49,2023-07-24,1140,N20,VIIRS,l,2,336.2,86.45,D,0
36.21318,28.03517,367,0.5,0.49,2023-07-24,1140,N20,VIIRS,h,2,336.69,86.45,D,0
36.2137,28.04121,347.42,0.5,0.49,2023-07-24,1140,N20,VIIRS,n,2,315.26,64.74,D,0
36.21227,28.02455,346.55,0.5,0.49,2023-07-24,1140,N20,VIIRS,n,2,316.78,20.26,D,0
36.20506,27.941,341.85,0.5,0.49,2023-07-24,1140,N20,VIIRS,l,2,315.79,5.39,D,0
36.21272,28.02974,367,0.5,0.49,2023-07-24,1140,N20,VIIRS,l,2,327.3,86.45,D,0
36.2182,28.04049,347.87,0.5,0.49,2023-07-24,1140,N20,VIIRS,n,2,315.52,62.95,D,0
36.2172,28.02882,354.71,0.5,0.49,2023-07-24,1140,N20,VIIRS,n,2,324.53,92.1,D,0
36.21769,28.03445,367,0.5,0.49,2023-07-24,1140,N20,VIIRS,l,2,343.01,92.1,D,0
36.21676,28.02368,367,0.5,0.49,2023-07-24,1140,N20,VIIRS,l,2,331.91,83.98,D,0
36.2217,28.02805,367,0.5,0.49,2023-07-24,1140,N20,VIIRS,h,2,317.75,92.1,D,0
36.22125,28.0228,367,0.5,0.49,2023-07-24,1140,N20,VIIRS,h,2,340.64,83.98,D,0
36.21602,27.9625,355.33,0.5,0.49,2023-07-24,1140,N20,VIIRS,n,2,314.79,15.17,D,0
36.22573,28.02191,345.44,0.5,0.49,2023-07-24,1140,N20,VIIRS,n,2,313.43,14.63,D,0
36.22438,28.00617,347.76,0.5,0.49,2023-07-24,1140,N20,VIIRS,n,2,319.6,16.47,D,0
36.2205,27.96171,352.8,0.5,0.49,2023-07-24,1140,N20,VIIRS,n,2,313.86,5.51,D,0
36.22886,28.00534,355.27,0.5,0.49,2023-07-24,1140,N20,VIIRS,n,2,321.12,16.47,D,0
36.23058,28.00779,342.41,0.5,0.49,2023-07-24,1140,N20,VIIRS,n,2,312.4,6.28,D,0
36.23014,28.0024,343.49,0.5,0.49,2023-07-24,1140,N20,VIIRS,n,2,316.04,11.16,D,0
36.23165,28.01246,342.13,0.39,0.36,2023-07-25,0001,N20,VIIRS,n,2,300.25,4.17,N,0
36.22029,28.04052,308.65,0.39,0.36,2023-07-25,0001,N20,VIIRS,n,2,298.5,0.52,N,0
36.20033,28.01497,314.59,0.39,0.36,2023-07-25,0001,N20,VIIRS,n,2,299.14,0.93,N,0
36.18226,28.06355,317.94,0.39,0.36,2023-07-25,0001,N20,VIIRS,n,2,300.19,1.52,N,0
36.18325,28.01523,311.54,0.39,0.36,2023-07-25,0001,N20,VIIRS,n,2,299.67,0.9,N,0
36.12997,27.92295,332.17,0.39,0.36,2023-07-25,0001,N20,VIIRS,n,2,300.21,4.14,N,0
36.12669,27.92216,338.29,0.39,0.36,2023-07-25,0001,N20,VIIRS,n,2,302.48,5.59,N,0
36.12601,27.92639,329.6,0.39,0.36,2023-07-25,0001,N20,VIIRS,n,2,300.76,5.59,N,0
36.07195,27.90176,334.22,0.39,0.36,2023-07-25,0001,N20,VIIRS,n,2,305.56,8.84,N,0
36.07127,27.90599,311.88,0.39,0.36,2023-07-25,0001,N20,VIIRS,n,2,300.98,8.84,N,0
36.06868,27.90097,327.2,0.39,0.36,2023-07-25,0001,N20,VIIRS,n,2,310.22,31.27,N,0
36.06799,27.9052,321.94,0.39,0.36,2023-07-25,0001,N20,VIIRS,n,2,302.18,31.27,N,0
36.06539,27.90018,333.65,0.39,0.36,2023-07-25,0001,N20,VIIRS,n,2,304.15,31.27,N,0
36.06471,27.9044,341.6,0.39,0.36,2023-07-25,0001,N20,VIIRS,n,2,323.07,31.27,N,0
36.06144,27.90361,340.04,0.39,0.36,2023-07-25,0001,N20,VIIRS,n,2,337.17,48.5,N,0
36.06211,27.89939,313.15,0.39,0.36,2023-07-25,0001,N20,VIIRS,n,2,300.09,48.5,N,0
36.06076,27.90784,314.17,0.39,0.36,2023-07-25,0001,N20,VIIRS,n,2,302.19,4.66,N,0
36.05816,27.90282,346.6,0.39,0.36,2023-07-25,0001,N20,VIIRS,n,2,307.27,48.5,N,0
36.05747,27.90705,330.69,0.39,0.36,2023-07-25,0001,N20,VIIRS,n,2,304.43,4.66,N,0
36.04739,27.90377,367,0.44,0.38,2023-07-25,1121,N20,VIIRS,h,2,341.77,563.33,D,0
36.04678,27.89888,367,0.44,0.38,2023-07-25,1121,N20,VIIRS,h,2,342.03,354.98,D,0
36.05091,27.90316,367,0.44,0.38,2023-07-25,1121,N20,VIIRS,h,2,339.58,167.92,D,0
36.05031,27.8983,367,0.44,0.38,2023-07-25,1121,N20,VIIRS,h,2,340.81,280.73,D,0
36.05443,27.90255,367,0.44,0.38,2023-07-25,1121,N20,VIIRS,l,2,327.57,167.92,D,0
36.06905,27.90453,367,0.44,0.38,2023-07-25,1121,N20,VIIRS,l,2,326.91,5.18,D,0
36.06845,27.89967,367,0.44,0.38,2023-07-25,1121,N20,VIIRS,l,2,328.91,5.18,D,0
36.06784,27.89479,367,0.44,0.38,2023-07-25,1121,N20,VIIRS,l,2,325.91,25.9,D,0
36.06724,27.88998,367,0.44,0.38,2023-07-25,1121,N20,VIIRS,l,2,339.2,25.9,D,0
36.07195,27.89894,367,0.44,0.38,2023-07-25,1121,N20,VIIRS,h,2,342.89,114.68,D,0
36.07135,27.89408,367,0.44,0.38,2023-07-25,1121,N20,VIIRS,h,2,364.41,170.48,D,0
36.07074,27.88918,367,0.44,0.38,2023-07-25,1121,N20,VIIRS,h,2,345.27,170.48,D,0
36.21656,28.05107,321.96,0.48,0.4,2023-07-25,2342,N20,VIIRS,n,2,302.01,4.01,N,0
36.21593,28.05625,331.88,0.48,0.4,2023-07-25,2342,N20,VIIRS,n,2,303.27,4.01,N,0
36.0759,27.88749,347.39,0.48,0.4,2023-07-25,2342,N20,VIIRS,n,2,307.3,15.94,N,0
36.07527,27.89278,352.06,0.48,0.4,2023-07-25,2342,N20,VIIRS,n,2,305.59,15.94,N,0
36.07465,27.89803,353.17,0.48,0.4,2023-07-25,2342,N20,VIIRS,n,2,310.02,22.65,N,0
36.07285,27.88149,342.94,0.48,0.4,2023-07-25,2342,N20,VIIRS,n,2,307.49,18.71,N,0
36.06919,27.88072,344.54,0.48,0.4,2023-07-25,2342,N20,VIIRS,n,2,305.25,6.49,N,0
36.06553,27.87993,311.75,0.48,0.4,2023-07-25,2342,N20,VIIRS,n,2,300.77,6.49,N,0
36.05571,27.89969,317.11,0.48,0.4,2023-07-25,2342,N20,VIIRS,n,2,299.11,0.82,N,0
36.06676,27.87886,327.31,0.48,0.4,2023-07-25,2342,N20,VIIRS,n,2,301.59,4.72,N,0
36.05318,27.89786,344.83,0.48,0.4,2023-07-25,2342,N20,VIIRS,n,2,305.77,14.03,N,0
36.05252,27.90326,329.17,0.48,0.4,2023-07-25,2342,N20,VIIRS,n,2,300.14,14.03,N,0
36.05189,27.90849,331.33,0.48,0.4,2023-07-25,2342,N20,VIIRS,n,2,303.77,3.92,N,0
36.05125,27.9137,332.21,0.48,0.4,2023-07-25,2342,N20,VIIRS,n,2,303.82,3.92,N,0
36.04758,27.91308,331.47,0.48,0.4,2023-07-25,2342,N20,VIIRS,n,2,303.83,10.43,N,0
36.04696,27.91815,324.49,0.48,0.4,2023-07-25,2342,N20,VIIRS,n,2,302.12,16.91,N,0
36.0433,27.91745,344.47,0.48,0.4,2023-07-25,2342,N20,VIIRS,n,2,316.68,16.91,N,0
36.04647,27.89142,315.49,0.48,0.4,2023-07-25,2342,N20,VIIRS,n,2,300.92,1.84,N,0
36.04266,27.92269,312.11,0.48,0.4,2023-07-25,2342,N20,VIIRS,n,2,302.09,16.91,N,0
36.0434,27.88587,331.02,0.48,0.4,2023-07-25,2342,N20,VIIRS,n,2,302.43,7.7,N,0
36.03963,27.91676,336.18,0.48,0.4,2023-07-25,2342,N20,VIIRS,n,2,308.5,18.57,N,0
36.04278,27.89093,319.93,0.48,0.4,2023-07-25,2342,N20,VIIRS,n,2,302.02,7.7,N,0
36.04033,27.88021,331.33,0.48,0.4,2023-07-25,2342,N20,VIIRS,n,2,303.58,8.65,N,0
36.0397,27.88544,352.88,0.48,0.4,2023-07-25,2342,N20,VIIRS,n,2,311.6,7.7,N,0
36.03598,27.91606,312.06,0.48,0.4,2023-07-25,2342,N20,VIIRS,n,2,301.61,18.57,N,0
36.03534,27.92127,313.81,0.48,0.4,2023-07-25,2342,N20,VIIRS,n,2,301.84,18.57,N,0
36.03602,27.88482,325.17,0.48,0.4,2023-07-25,2342,N20,VIIRS,n,2,305.14,3.5,N,0
36.0354,27.88996,332.38,0.48,0.4,2023-07-25,2342,N20,VIIRS,n,2,304.9,3.5,N,0
36.03665,27.87965,310.65,0.48,0.4,2023-07-25,2342,N20,VIIRS,n,2,300.26,3.22,N,0
36.03168,27.92062,315.07,0.48,0.4,2023-07-25,2342,N20,VIIRS,n,2,301.67,2.44,N,0
36.03237,27.88401,330.84,0.48,0.4,2023-07-25,2342,N20,VIIRS,n,2,303.03,3.5,N,0
36.02872,27.88317,347.37,0.48,0.4,2023-07-25,2342,N20,VIIRS,n,2,304.4,4.68,N,0
36.02809,27.88839,325.31,0.48,0.4,2023-07-25,2342,N20,VIIRS,n,2,304.51,4.68,N,0
36.02743,27.89384,331.15,0.48,0.4,2023-07-25,2342,N20,VIIRS,n,2,306.58,4.56,N,0
36.02507,27.88232,326.05,0.48,0.4,2023-07-25,2342,N20,VIIRS,n,2,302.54,4.68,N,0
36.02445,27.88746,326.96,0.48,0.4,2023-07-25,2342,N20,VIIRS,n,2,305.34,4.68,N,0
36.02378,27.89301,319.22,0.48,0.4,2023-07-25,2342,N20,VIIRS,n,2,303.12,4.56,N,0
36.02143,27.88141,331.66,0.48,0.4,2023-07-25,2342,N20,VIIRS,n,2,304.82,7.68,N,0
36.02081,27.88661,342.07,0.48,0.4,2023-07-25,2342,N20,VIIRS,n,2,307.01,7.68,N,0
36.01828,27.9075,313.67,0.48,0.4,2023-07-25,2342,N20,VIIRS,n,2,303.41,3.07,N,0
36.01703,27.91784,315.45,0.48,0.4,2023-07-25,2342,N20,VIIRS,n,2,301.84,3.8,N,0
36.014,27.91191,340.32,0.48,0.4,2023-07-25,2342,N20,VIIRS,n,2,304.66,3.8,N,0
36.01098,27.90597,336.57,0.48,0.4,2023-07-25,2342,N20,VIIRS,n,2,304.74,5.84,N,0
36.01035,27.9112,327.55,0.48,0.4,2023-07-25,2342,N20,VIIRS,n,2,304.35,3.91,N,0
36.00971,27.91643,335.14,0.48,0.4,2023-07-25,2342,N20,VIIRS,n,2,305.38,3.91,N,0
36.00668,27.9105,317.64,0.48,0.4,2023-07-25,2342,N20,VIIRS,n,2,303.92,3.91,N,0
36.00365,27.90455,344.15,0.48,0.4,2023-07-25,2342,N20,VIIRS,n,2,311.94,16.89,N,0
36.00303,27.90974,329.27,0.48,0.4,2023-07-25,2342,N20,VIIRS,n,2,305.3,6.56,N,0
36,27.90379,331.64,0.48,0.4,2023-07-25,2342,N20,VIIRS,n,2,303.59,16.89,N,0
35.99937,27.90905,344.32,0.48,0.4,2023-07-25,2342,N20,VIIRS,n,2,307.58,6.56,N,0
35.9957,27.90835,327.75,0.48,0.4,2023-07-25,2342,N20,VIIRS,n,2,303.83,2.91,N,0
36.02467,27.88195,340.25,0.4,0.37,2023-07-26,1102,N20,VIIRS,n,2,313.48,4.95,D,0
36.02396,27.87763,352.94,0.4,0.37,2023-07-26,1102,N20,VIIRS,n,2,316.82,10.07,D,0
36.028,27.8812,367,0.4,0.37,2023-07-26,1102,N20,VIIRS,h,2,320.3,17.26,D,0
36.02729,27.87689,367,0.4,0.37,2023-07-26,1102,N20,VIIRS,l,2,335.52,85.7,D,0
36.03061,27.87613,367,0.4,0.37,2023-07-26,1102,N20,VIIRS,h,2,336.15,85.7,D,0
36.03204,27.88475,340.94,0.4,0.37,2023-07-26,1102,N20,VIIRS,n,2,314.04,17.26,D,0
36.03132,27.88044,351.76,0.4,0.37,2023-07-26,1102,N20,VIIRS,n,2,320.69,17.26,D,0
36.03465,27.87968,367,0.4,0.37,2023-07-26,1102,N20,VIIRS,h,2,339.23,45.18,D,0
36.03536,27.88398,341.48,0.4,0.37,2023-07-26,1102,N20,VIIRS,n,2,313.62,45.18,D,0
36.03796,27.87887,354.74,0.4,0.37,2023-07-26,1102,N20,VIIRS,n,2,324.71,45.18,D,0
36.04198,27.88227,367,0.4,0.37,2023-07-26,1102,N20,VIIRS,h,2,358.9,49.42,D,0
36.04268,27.88655,353.16,0.4,0.37,2023-07-26,1102,N20,VIIRS,n,2,319.51,27.13,D,0
36.04127,27.87799,343.84,0.4,0.37,2023-07-26,1102,N20,VIIRS,n,2,311.22,49.42,D,0
36.04528,27.88137,343.99,0.4,0.37,2023-07-26,1102,N20,VIIRS,n,2,309.85,49.42,D,0
36.07515,27.90197,367,0.4,0.37,2023-07-26,1102,N20,VIIRS,l,2,327.3,32.25,D,0
36.07845,27.90111,367,0.4,0.37,2023-07-26,1102,N20,VIIRS,h,2,324.69,7.76,D,0
36.07632,27.88821,367,0.4,0.37,2023-07-26,1102,N20,VIIRS,h,2,338.74,50.75,D,0
36.0756,27.88389,367,0.4,0.37,2023-07-26,1102,N20,VIIRS,h,2,344.16,41.49,D,0
36.07775,27.89682,350.02,0.4,0.37,2023-07-26,1102,N20,VIIRS,n,2,324.14,7.76,D,0
36.07703,27.89251,347.78,0.4,0.37,2023-07-26,1102,N20,VIIRS,n,2,318.62,50.75,D,0
36.08105,27.89598,367,0.4,0.37,2023-07-26,1102,N20,VIIRS,h,2,320.13,7.76,D,0
36.08034,27.89167,367,0.4,0.37,2023-07-26,1102,N20,VIIRS,h,2,322.9,50.75,D,0
36.07892,27.88307,344.95,0.4,0.37,2023-07-26,1102,N20,VIIRS,n,2,309.11,41.49,D,0
36.07963,27.88737,367,0.4,0.37,2023-07-26,1102,N20,VIIRS,l,2,328.22,50.75,D,0
36.08294,27.88654,367,0.4,0.37,2023-07-26,1102,N20,VIIRS,h,2,331.03,99.5,D,0
36.08437,27.89518,367,0.4,0.37,2023-07-26,1102,N20,VIIRS,l,2,327.59,43.48,D,0
36.08365,27.89085,367,0.4,0.37,2023-07-26,1102,N20,VIIRS,l,2,332.79,99.5,D,0
36.08769,27.89437,353.04,0.4,0.37,2023-07-26,1102,N20,VIIRS,n,2,314.09,43.48,D,0
36.08697,27.89002,367,0.4,0.37,2023-07-26,1102,N20,VIIRS,l,2,357.96,99.5,D,0
36.09986,27.89747,308.88,0.56,0.52,2023-07-26,2323,N20,VIIRS,n,2,295.62,1.53,N,0
36.09938,27.90333,311.33,0.56,0.52,2023-07-26,2323,N20,VIIRS,n,2,295.04,1.53,N,0
36.09464,27.90269,335.93,0.56,0.52,2023-07-26,2323,N20,VIIRS,n,2,297.3,7.41,N,0
36.09416,27.90856,320.33,0.56,0.51,2023-07-26,2323,N20,VIIRS,n,2,296.8,5.14,N,0
36.08667,27.88227,356.2,0.56,0.52,2023-07-26,2323,N20,VIIRS,n,2,300.23,16.39,N,0
36.08189,27.8819,343.76,0.56,0.52,2023-07-26,2323,N20,VIIRS,n,2,300.09,16.39,N,0
36.07713,27.88136,345.83,0.56,0.52,2023-07-26,2323,N20,VIIRS,n,2,301.5,32.66,N,0
36.04858,27.87785,335.43,0.56,0.52,2023-07-26,2323,N20,VIIRS,n,2,295.44,6.64,N,0
36.04811,27.88386,340.96,0.56,0.52,2023-07-26,2323,N20,VIIRS,n,2,298.81,6.64,N,0
36.04378,27.87786,343.28,0.56,0.52,2023-07-26,2323,N20,VIIRS,n,2,299.76,6.64,N,0
36.04331,27.88383,311.09,0.56,0.52,2023-07-26,2323,N20,VIIRS,n,2,296.36,6.64,N,0
36.03382,27.87695,308.52,0.56,0.52,2023-07-26,2323,N20,VIIRS,n,2,296.99,3.36,N,0
36.09321,27.90171,322.75,0.67,0.74,2023-07-27,0103,N20,VIIRS,n,2,293.44,4.24,N,0
36.08464,27.88229,333.55,0.67,0.74,2023-07-27,0103,N20,VIIRS,n,2,294.43,4.1,N,0
36.07845,27.8788,317.93,0.67,0.74,2023-07-27,0103,N20,VIIRS,n,2,292.42,4.1,N,0
36.04863,27.88117,342.14,0.67,0.74,2023-07-27,0103,N20,VIIRS,n,2,293.28,6.72,N,0
36.0463,27.8887,335.65,0.67,0.74,2023-07-27,0103,N20,VIIRS,n,2,292.94,6.72,N,0
36.04284,27.87637,330.92,0.67,0.74,2023-07-27,0103,N20,VIIRS,n,2,294.57,5.64,N,0
36.04469,27.88093,346.97,0.67,0.74,2023-07-27,0103,N20,VIIRS,n,2,296.05,5.53,N,0
36.0424,27.88845,330.74,0.67,0.74,2023-07-27,0103,N20,VIIRS,n,2,293.55,8.63,N,0
36.04681,27.87391,305.76,0.67,0.74,2023-07-27,0103,N20,VIIRS,n,2,292.83,5.53,N,0
36.03891,27.87602,313.71,0.67,0.74,2023-07-27,0103,N20,VIIRS,n,2,293.74,5.53,N,0
36.07714,27.88274,345.99,0.39,0.44,2023-07-27,1043,N20,VIIRS,n,2,313.32,12.89,D,0
36.07626,27.87855,338.94,0.39,0.44,2023-07-27,1043,N20,VIIRS,n,2,306.82,12.89,D,0
36.08107,27.88153,343.75,0.39,0.44,2023-07-27,1043,N20,VIIRS,n,2,309.14,12.89,D,0
36.09505,27.90854,367,0.39,0.44,2023-07-27,1043,N20,VIIRS,h,2,334.85,120.27,D,0
36.09421,27.90445,343.2,0.39,0.44,2023-07-27,1043,N20,VIIRS,n,2,313.75,12.02,D,0
36.09986,27.91153,346.1,0.39,0.44,2023-07-27,1043,N20,VIIRS,n,2,312.01,76.9,D,0
36.09816,27.90336,354.72,0.39,0.44,2023-07-27,1043,N20,VIIRS,n,2,316.5,16.64,D,0
36.09731,27.89926,339.12,0.39,0.44,2023-07-27,1043,N20,VIIRS,l,2,311.09,16.64,D,0
